Year,Country,% Year-over-year change of AI talent concentration
2017,BR,0.4545454545454546
2018,BR,0.31249999999999994
2019,BR,0.38095238095238093
2020,BR,0.310344827586207
2021,BR,0.28947368421052627
2022,BR,0.36734693877551033