Year,Country,% Year-over-year change of AI talent concentration
2017,CA,0.4
2018,CA,0.40476190476190477
2019,CA,0.3728813559322035
2020,CA,0.34567901234567905
2021,CA,0.348623853211009
2022,CA,0.4557823129251702