Year,Country,% Year-over-year change of AI talent concentration
2017,IL,0.42276422764227645
2018,IL,0.3257142857142856
2019,IL,0.310344827586207
2020,IL,0.305921052631579
2021,IL,0.26952141057934503
2022,IL,0.28174603174603174