Year,Country,% Year-over-year change of AI talent concentration
2017,GB,0.37500000000000017
2018,GB,0.3636363636363636
2019,GB,0.3555555555555555
2020,GB,0.3114754098360657
2021,GB,0.2875
2022,GB,0.36893203883495135