Year,Country,% Year-over-year change of AI talent concentration
2017,US,0.3928571428571428
2018,US,0.358974358974359
2019,US,0.33962264150943383
2020,US,0.32394366197183105
2021,US,0.31914893617021284
2022,US,0.40322580645161293